S.No.,Name,Roll No,Course,MOBILE_NO,EMAIL_ID,Gender,DOB,Current location,College,University,Xth percentage,XIIth percentage,B.Tech percentage,GradYear of Passing,,Spoc Contact,Contact no 1,email 1
78,Manpreet Kour,3423543254,BE/B.Tech- CSE,123456432,manpreet@gmail.com,Female,2/10/2000,Chandigarh ,Chandigarh University,Chandigarh University,91.4,75.4,71.2,2023,,"Ranjana Maitra Das
Corporate Resource Manager
",9716146003,placement@cgc.edu.in
607,Divyanshi,344343342,MCA,213564373,divyanshi@gmail.com,Female,5/28/2000,Rajpura,Chandigarh University,Chandigarh University,89.3,69,81.7,2023,,"Ranjana Maitra Das
Corporate Resource Manager
",9716146532,placement@cgc.edu.in
652,Aditya Raj,3245545454,BE/B.Tech - CSE (Graphic & Gaming),35346655775,aditya@gmail.com,Male,12/22/2001,Mohali,Chandigarh University,Chandigarh University,95,77.2,79.2,2023,,"Ranjana Maitra Das
Corporate Resource Manager
",9716146577,placement@cgc.edu.in
1437,Ishita Arora,324545454,BE/B.Tech- CSE (CLOUD COMPUTING),54366547344,ishita@gmail.com,Female,10/1/2001,Chandigarh ,Chandigarh University,Chandigarh University,94,73,76.9,2023,,"Ranjana Maitra Das
Corporate Resource Manager
",9716147362,placement@cgc.edu.in
1478,Sidharath Guleria,5454545454,BE/B.Tech- CSE (Mobile Computing),5465377656,sid123@gmail.com,Male,7/13/2001,Kharar,Chandigarh University,Chandigarh University,87.3,61,69,2023,,"Ranjana Maitra Das
Corporate Resource Manager
",9716147403,placement@cgc.edu.in
1691,Shiwam Vishwakarma,435466534,MCA,3456564465,shiwam2345@gmail.com,Male,3/4/2001,Varanasi,Chandigarh University,Chandigarh University,77.8,70.4,66.3,2023,,"Ranjana Maitra Das
Corporate Resource Manager
",9716147616,placement@cgc.edu.in
2027,Nitish Kumar,5445567,MCA,5653663563,nitish3241@gmail.com,Male,4/13/2000,"Kharar, Chandigarh university, punjab",Chandigarh University,Chandigarh University,56.8,60,69.37,2023,,"Ranjana Maitra Das
Corporate Resource Manager
",9716147952,placement@cgc.edu.in
2166,Rahul,42568756,MCA,5465545664,Rahul123@gmail.com,Male,10/1/1998,Kharar ,Chandigarh University,Chandigarh University,58.9,53,64.24,2023,,"Ranjana Maitra Das
Corporate Resource Manager
",9716148091,placement@cgc.edu.in
2323,Sagar Ranjan Das,23534646545,MCA - AI & ML,5643454565,sagar2314@gmail.com,Male,10/31/2000,Mohali,Chandigarh University,Chandigarh University,74.1,59.6,66.29,2023,,"Ranjana Maitra Das
Corporate Resource Manager
",9716148248,placement@cgc.edu.in
